Nombre,ORCID,Bio,Contacto
Carl Antonius Lemke Duque,0000-0003-4665-9698," Investigador independiente que se dedica a la historia intelectual. Su trayectoria se centra en los temas de Europa, sociedad del conocimiento y liberalismo político en la España del siglo XX abarcando dos áreas de especialización: por un lado, las relaciones científicas, culturales y políticas germano-españolas desde el siglo XIX, y, por otro lado, los impulsos de transformación e influencias post-conciliares de los Jesuitas en la sociedad española. Sus investigaciones se han publicado en revistas especializadas, entre otros, Religion, State & Society, History of European Ideas, Modern Intellectual History, Global Intellectual History, Futuro del Pasado, Revista de Estudios Políticos etc.",lemkeduque[arroba]me.com
Antonella Russo,0000-0002-2967-4418,"Profesora titular de Literatura Española en la Università degli Studi di Salerno. Doctora por las Universidades de Salerno y Sevilla, centra su investigación en la literatura española de finales del siglo XIX y del XX, en particular en la Edad de Plata y la Guerra Civil, a partir de la prensa y de autores poco estudiados como Matilde Ras, Elena Fortún, Mercedes Pinto, Federico Urales o Teresa de Escoriaza. Buena parte de su trabajo está dedicada a las publicaciones periódicas como espacio de creación literaria y debate cultural. En este ámbito, ha publicado una monografía sobre la revista Horizonte, activa entre la Guerra Civil y la posguerra, así como estudios sobre los diarios de entreguerras Heraldo de Madrid y La Libertad, y sobre Domingo en los años de la posguerra. Actualmente estudia Blanco y Negro, con especial referencia al suplemento infantil Gente Menuda en sus distintas épocas.",arusso[arroba]unisa.it
Mª José Galván,0009-0002-5157-6627,,patiodormido2020[arroba]gmail.com
Alexandra Pita González,0000-0003-1211-0365,"Historiadora mexicana, realizó sus estudios de licenciatura en la Universidad Nacional de Córdoba, y los de maestría y doctorado en El Colegio de México. Trabaja en la Universidad de Colima desde el 2004 donde se ha desempeñado como docente, asesora de tesis, coordinadora de posgrado y directora de un Centro de Investigación. Autora de más de 90 publicaciones dedicados a la historia intelectual de América Latina y la historia cultural de las relaciones internacionales. Miembro del Sistema Nacional de Investigadores (nivel 3),  de la Academia Mexicana de Ciencias y de Consejo Consultivo del Acervo Histórico de la Secretaria de Relaciones Exeriores. Ha recibido varios premios y menciones nacionales e internacionales. Es editora de la Revista de Historia de América (desde el 2017). ",apitag[arroba]ucol.mx
Yanna Hadatty Mora,0000-0002-5825-8448,"Ecuatoriano-mexicana, doctora en Letras Iberoamericanas, investigadora titular en la Universidad Nacional Autónoma de México (UNAM) y miembro del Sistema Nacional de Investigadoras e Investigadores. Autora de los libros Autofagia y narración: estrategias de representación en la narrativa iberoamericana de vanguardia (2003), La ciudad paroxista. Prosa mexicana de vanguardia (1921-1932) (2009) y Prensa y literatura para la Revolución. La Novela Semanal de El Universal Ilustrado (1922-1925) (2016). Coeditora del volumen Historia de las literaturas mexicanas. La revolución intelectual de la Revolución mexicana (1900-1940) (2019), Las culturas de la prensa en México (1880-1940) (2022) y Tradición y transgresión. Ensayos críticos sobre Guadalupe Nettel (2023). Junto con la doctora María Andrea Giovine coordina la colección sobre prensa “Cuadernos de Espiral” (IIFL, UNAM). Ha realizado estancias anuales de investigación en la Universidad San Francisco de Quito (2013) y el Ibero-Amerikanisches Institut en Berlín (2023).",yanna[arroba]unam.mx
Jorge Ochoa,0000-0001-5621-6976,"Licenciado en Filosofía y Letras por la Universidad de Caldas. Es magíster y doctor en Literatura por la Universidad Tecnológica de Pereira. Ha publicado con la Universidad de Caldas los libros La Narrativa de Andrés Caicedo (1993), El yo en la literatura hispanoamericana del siglo xix. El ciclo autobiográfico de Domingo Faustino Sarmiento (2007), Blanca Isaza. Escritora y Editora (2022) y Maruja Vieira: palabra por palabra. Escritos y notas periodísticas (2025).",jorge.ochoa[arroba]ucaldas.edu.co
Dra. Maria Alejandra Torres,0000-0001-5108-5938,"Profesora Regular Universidad de Buenos Aires (UBA-UNGS); Investigadora (CIC) CONICET-ILH, UBA. Ha publicado Escritoras. Artes y procedimientos intermediales en América Latina, KRK, 2024. Ha investigado sobre revistas ilustradas (Mundial magazine, Elegancias, Gustos y Gestos); actualmente, investiga la escritura de las mujeres en la vanguardia peruana (revistas y narrativa).",alemariatorres[arroba]gmail.com
Renata Adriana Bruschi,0009-0009-3273-1565,"Licenciada en Letras Modernas, Universidad Católica de Milán, doctoranda UNIBO-DIT (Bologna), sector L-LIN/06 Lingua e Letterature Ispano-Americane y asociada al CNR ISMEd de Milán. En precedencia, docente de Literatura italiana y latina del MIM, Ministero di Istruzione e Merito (Italia), organizadora de encuentros literarios y congresos académicos. Ámbitos de investigación: Relaciones culturales entra Italia e Argentina. Mediadores culturales, difusión de las obras literarias italianas en Argentina, historia de las publicaciones italianas en el exterior, festivales y manifestaciones literarias. Reciente publicación en revista: 2025 ""Victoria Ocampo, de su autobiografía a sus biografías escritas por mujeres. Un recorrido de empoderamiento"", en MedAzioni 46(1), pp. A206-A218. doi: 10.6092/issn.1974-4382/21778. Autora de ""Alma Buenos Aires, guida letteraria al mito di una città"" MnM Print 2022.",rnata.bruschi2[arroba]unibo.it
Oğuzhan Yener,0000-0003-3233-5588,"Obtuvo su doctorado en la Universidad Complutense de Madrid en 2023, con la tesis titulada “La emigración sirio-libanesa del Imperio Otomano hacia Argentina, 1880-1920”. Estoy trabajando en la Universidad de Ankara como profesor ayudante doctor, en el Departamento de Relaciones Internacionales. Me centro en la historia contemporánea de la Argentina, la inmigración otomana y las relaciones entre América Latina y el Imperio Otomano. Una de mis publicaciones relacionadas con el tema de revistas latinoamericanas es “El impacto de la Guerra turco-italiana (1911-1912) en las revistas de Argentina”, Historia&Guerra, 9, 147-171. https://doi.org/10.34096/hyg.n9.16840",ogzhnyener[arroba]ankara.edu.tr
María Belén Riveiro,0000-0002-0499-9320,"Socióloga y Doctora en Ciencias Sociales por la Universidad de Buenos Aires (UBA). Trabaja como Investigadora Asistente del Consejo Nacional de Investigaciones Científicas y Técnicas (CONICET) con lugar de trabajo en el Instituto de Investigaciones Gino Germani (IIGG) de la Facultad de Ciencias Sociales (UBA) donde participa del Grupo de Estudios de Sociología de la Literatura (GESoL). Se desempaña como docente de la UBA y de la Maestría en Cine Documental de la Universidad del Cine. Es secretaria editorial de 7 ensayos. Revista latinoamericana de Sociología, Política y Cultura (IIGG-UBA). Sus temas de investigación son la circulación internacional de la literatura, la producción literaria y la práctica editorial argentina y latinoamericana y, en el presente, investiga los cruces entre labor editorial y género durante la transición democrática en los años ochenta en Argentina.",mbriveiro[arroba]sociales.uba.ar
Juan Carlos Gaona Poveda,0000-0002-3919-3730,"Doctor en Historia por CIESAS, magíster en Historia por la Universidad del Valle y psicopedagogo por la Universidad Pedagógica Nacional de Colombia. Obtuvo el Premio a la mejor Tesis de Doctorado en Historia Panamericana del Instituto Panamericano de Geografía e Historia en 2024 y el Premio a la Mejor Tesis Doctoral en Ciencias Sociales y Humanidades de la Red de Investigadores del Fenómeno Religioso en México en 2026. Ha publicado diversos artículos y libros académicos enfocados en las redes intelectuales, la cultura impresa y la disidencia político-religiosa. Su último libro se titula: ""El libro evangélico. Religión, mercado y política en el campo editorial hispanoamericano, 1920-1989"". Actualmente se desempeña como investigador postdoctoral ANID-Fondecyt en el Instituto de Estudios Culturales y Territoriales (IECyT) de la Universidad Arturo Prat de Chile. Su trabajo analiza las sociabilidades intelectuales, las redes revisteriles y la construcción del concepto de democracia en el ámbito evangélico hispanoamericano.",juancarlosgaonapoveda[arroba]gmail.com
María de los Ángeles Mascioto,0000-0003-3766-9974,"Investigadora en CONICET (Argentina). Doctora en Letras (UNLP), Especialista en la Enseñanza del Español como Lengua Segunda y Extranjera (UNLP) y Diplomada en Estudios Avanzados en Edición (UNIPE). Profesora Titular del Seminario Historia y Actualidad de la Edición en Argentina y Jefa de Trabajos Prácticos de Literatura Argentina II  (Departamento de Letras, Facultad de Humanidades y Ciencias de la Educación, Universidad Nacional de La Plata, Argentina).  Analiza los vínculos entre literatura y visualidad en publicaciones periódicas  durante la primera mitad del siglo XX, con especial énfasis en el estudio de suplementos literarios. Entre sus últimas publicaciones se encuentran el libro La Revista Multicolor de los Sábados del diario Crítica (Katatay, 2025) y el artículo ""Las formas breves: un mapa visual de la vida literaria en los suplementos (1926-1927)"" (Recial, 2026). Coordina el grupo de estudios: Literatura Argentina, suplementos y secciones en el Centro de Teoría y Crítica Literaria (IdIHCS, UNLP/CONICET).",mmascioto[arroba]fahce.unlp.edu.ar 
Claudio Maíz,0000-0001-5312-374X,Dossier: Literaturas más allá del librocentrismo. Un enfoque relacional de la cultura literaria latinoamericana <https://revistas.uncu.edu.ar/ojs3/index.php/cilha/issue/view/459>,cmaiz[arroba]ffyl.uncu.edu.ar
Luz Salazar Landea,0009-0006-8734-6443,Doctora en Letras por la Universidad de Tübingen y la Universidad Nacional de La Plata. Sus intereses de investigación incluyen la literatura de mujeres del siglo XIX y comenzos del siglo veinte; la representación del género en las revistas ilustradas de comienzos de siglo y las imágenes de escritoras propagadas en la prensa.,luzsalazarlandea[arroba]gmail.com
Alexis Castellanos Escobar,0000-0003-0757-3672,"Doctor en Estudios Sociales de América Latina de la Universidad Nacional de Córdoba, Magíster en Comunicación de la Pontificia Universidad Javeriana y Diseñador Gráfico de la Universidad Nacional de Colombia. Investigador en las áreas de Comunicación, Diseño, Multimodalidad, Estudios Editoriales y Estudios Latinoamericanos. Miembro de la International Association for Media and Communication Research, la Asociación Latinoamericana de Investigadores en Comunicación, la Asociación Latinoamericana de Estudios del Discurso y la Asociación Colombiana de Investigadores en Comunicación. Vinculado a la Design History Society, Design Research Society y la Fundació Història del Disseny. Trabaja como editor de publicaciones técnico-científicas en España. Actualmente es Profesor Lector en los Estudios de Ciencias de la Información y de la Comunicación en la Universitat Oberta de Catalunya - UOC. Publicaciones: «Oportunidades y desafíos para el estudio de la materialidad en objetos revisteriles» y «Deshumanizando la edición? Análisis de la incidencia de agentes no humanos en el sector editorial». ",acastellanosesc[arroba]uoc.edu
Celina Manzoni,0000-0003-0982-4121,"Dra. en Letras Universidad de Buenos Aires (UBA). Instituto de Literatura Hispanoamericana. Facultad de Filosofía y Letras. Universidad de Buenos Aires. 4. Especialidad en la que investiga: Literatura latinoamericana del siglo XX y siglo XXI. Especialización en el área caribeña. Las vanguardias en el Caribe hispánico. Narrativa latinoamericana contemporánea. Libros: Un dilema cubano. Nacionalismo y vanguardia, La Habana, Editorial Casa de las Américas, 2001. Premio Casa de las Américas 2000 Ensayo artístico-literario. 345 páginas y Roberto Bolaño. La escritura como tauromaquia (Edición, compilación y prólogo), Buenos Aires, Corregidor, 2002. 1ª reimpresión: 2006. ISBN: 959-260-025-2",celina.manzoni[arroba]gmail.com